id,frequency,expenses,taste,hygiene,menu,presentation,attendance,ingredients,place.to.sit,takeaway,variation,stop.strucks,schedule,age.group,scholarity,average.income,has.work,street_food,gourmet,italian_food,brazilian_food,mexican_food,chinese_food,japanese_food,arabic_food,snacks,healthy_food,fitness_food,sweets_desserts
1,2,30,5,4,4,3,4,4,4,3,3,2,2,2,1.5,4,0,1,0,0,0,0,0,0,0,0,0,0,1
2,0,20,5,2,4,4,4,4,5,2,3,1,4,3,2,5,1,1,0,1,0,1,0,0,0,0,0,0,1
3,1,15,5,2,2,5,3,5,2,2,2,2,1,2,1.5,4,1,1,0,0,1,0,0,0,0,0,0,0,0
4,0,40,5,5,4,3,4,4,3,4,5,1,1,3,2,6,1,0,1,0,0,0,0,0,0,0,0,0,0
5,0,15,5,4,2,3,4,4,2,3,4,1,1,2,1.5,4,1,1,0,0,0,0,0,0,0,0,0,0,0
6,1,20,5,4,3,3,4,5,4,2,3,3,3,2,1.5,1,0,1,0,0,0,1,0,0,1,0,0,0,1
7,1,20,4,5,5,4,4,4,5,3,3,2,1,3,2,1,1,1,0,0,0,1,0,0,0,0,0,0,1
8,0,15,5,4,3,5,5,4,5,2,4,3,1,3,2,2,0,0,0,1,0,0,0,0,0,0,0,0,1
9,1,20,5,5,3,5,4,3,5,3,2,3,3,2,1.5,6,0,1,1,0,0,0,0,0,0,0,1,0,1
10,0,40,5,5,5,5,5,5,5,3,1,1,1,2,1.5,3,1,0,0,0,0,0,0,1,0,0,0,0,0
11,0,15,5,4,3,5,5,4,5,2,4,3,1,3,2,2,0,0,0,1,0,0,0,0,0,0,0,0,1
12,1,20,5,5,4,4,5,4,4,1,4,5,3,3,3,2,1,1,1,0,1,0,0,1,0,0,0,0,0
13,1,20,5,5,5,5,5,5,1,3,2,5,3,2,1,4,0,1,1,1,0,0,0,0,0,0,0,0,1
14,1,40,5,4,3,3,4,5,4,3,2,1,1,3,1.5,3,1,1,0,0,0,0,0,0,0,0,0,0,0
15,1,20,5,5,5,5,5,5,5,3,4,2,4,3,3,3,1,1,0,0,0,0,0,0,0,0,0,0,0
16,1,20,5,5,4,4,5,5,5,3,5,4,4,2,3,3,0,0,1,0,0,0,0,0,0,0,0,0,0
17,1,20,5,5,4,4,5,5,4,3,4,4,4,3,3,3,1,0,1,0,0,0,0,1,0,0,0,0,1
18,1,20,5,5,4,5,5,5,5,2,2,4,4,2,1.5,3,0,1,0,0,0,0,0,0,0,0,0,0,1
19,1,15,2,2,2,2,2,2,4,1,2,1,1,4,4,5,1,0,0,0,1,0,0,0,0,0,0,0,0
20,0,30,5,4,3,4,4,3,5,3,4,1,2,2,1.5,6,0,1,0,0,0,0,0,0,0,0,0,0,1
21,1,20,5,3,4,5,5,4,4,2,4,3,3,2,1.5,1,1,0,1,0,0,0,0,0,0,0,0,1,1
22,1,15,5,4,1,3,5,3,2,3,4,3,3,2,1.5,1,1,1,0,0,1,0,0,0,0,0,0,0,1
23,0,20,5,4,4,4,5,4,3,2,4,3,4,2,1.5,3,1,1,1,0,0,0,0,0,0,0,0,0,1
24,1,30,5,5,4,5,5,5,5,3,3,4,4,2,1.5,1,1,1,0,0,0,0,0,0,0,0,0,0,0
25,0,20,5,5,5,5,5,5,4,3,3,4,4,6,2,3,1,0,1,0,0,0,0,0,0,0,0,0,1
26,4,20,5,5,2,5,5,5,4,3,4,5,2,3,2,1,1,1,1,0,1,1,0,0,0,0,0,0,1
27,2,20,5,5,5,5,5,5,5,3,4,2,2,3,2,4,0,1,1,0,1,0,0,0,0,0,0,0,1
28,0,30,5,4,4,5,3,3,2,1,5,2,1,2,3,4,0,1,0,0,0,1,0,0,1,0,0,0,1
29,0,20,5,5,4,5,5,5,2,3,4,2,4,2,1.5,2,0,1,1,0,0,0,0,0,0,0,0,0,1
30,0,20,4,5,4,4,5,4,4,3,3,1,2,3,3,4,1,1,0,0,0,0,0,0,0,0,0,0,0
31,0,20,1,1,1,1,2,1,4,1,1,1,1,4,2,3,1,1,0,0,0,0,0,0,0,0,0,0,0
32,0,15,5,5,4,4,3,4,3,2,4,2,2,2,1.5,5,0,0,1,0,0,0,0,1,0,0,0,0,1
33,1,30,5,5,4,5,5,5,5,1,4,3,4,2,3,5,1,0,1,0,0,0,0,0,0,0,0,0,0
34,0,20,2,2,2,2,2,2,5,2,4,4,3,8,1.5,4,1,1,0,0,0,0,0,0,0,0,0,0,0
35,3,20,5,4,3,5,5,5,4,2,4,2,4,2,1,4,0,1,0,0,0,0,0,0,0,0,0,0,0
36,0,30,5,5,4,5,5,5,3,2,4,3,2,3,2,3,1,0,1,0,0,0,0,0,0,0,0,0,0
37,0,20,5,5,4,5,4,5,3,2,4,4,4,2,2,5,0,0,1,0,0,0,0,0,0,0,0,0,0
38,1,15,5,5,3,5,5,5,3,3,3,2,2,2,3,2,1,1,0,0,0,0,0,0,0,0,0,0,0
39,1,30,5,4,4,5,4,4,2,2,4,4,4,3,3,6,1,1,1,0,0,0,0,1,0,0,0,0,0
40,2,15,5,4,5,5,4,5,4,2,5,2,3,4,5,4,1,1,0,0,0,0,0,0,0,0,0,0,0
41,1,30,4,5,4,4,5,4,3,4,4,3,3,2,1.5,2,0,1,0,0,0,0,0,1,0,0,0,0,0
42,2,15,5,5,3,5,5,5,4,3,4,1,5,2,2,3,1,0,1,0,0,0,0,0,0,0,1,1,1
43,2,20,5,5,4,3,5,5,4,3,3,4,5,2,1.5,4,1,0,1,0,0,0,0,0,0,0,0,0,0
44,1,20,5,5,4,5,4,5,4,2,4,4,4,2,1.5,4,1,0,1,0,0,0,0,0,0,0,0,0,0
45,1,20,5,4,4,4,4,4,3,2,4,4,2,3,2,6,1,0,1,0,0,0,0,0,1,0,1,0,1
46,0,20,4,4,2,3,4,2,4,5,3,2,1,2,1.5,3,1,1,0,0,0,0,0,0,0,0,0,0,0
47,1,20,5,4,4,4,5,4,2,3,3,2,1,2,1.5,5,1,1,0,0,0,0,0,0,0,0,0,0,0
48,1,40,5,5,5,4,4,4,5,2,4,4,3,4,4,5,1,1,0,1,0,0,0,0,0,0,0,0,1
49,1,20,5,5,4,5,5,5,5,3,3,3,3,3,2,4,1,1,0,0,0,0,0,1,0,0,0,0,0
50,0,20,3,4,3,4,4,4,2,3,3,2,1,2,1.5,6,0,1,0,0,0,0,0,0,0,0,0,0,0
51,0,20,4,2,3,2,4,1,5,2,3,1,1,3,2,3,1,1,0,1,1,0,0,1,0,0,0,1,0
52,1,20,5,5,5,5,5,5,3,3,3,1,1,3,1.5,3,1,1,1,1,1,0,0,0,1,0,1,1,1
53,3,20,5,5,5,4,4,5,2,2,5,5,5,2,1.5,3,1,0,1,0,0,0,0,0,0,0,0,0,0
54,1,20,5,5,4,4,5,5,4,3,4,4,5,2,2,3,1,0,1,0,0,0,0,0,0,0,1,0,1
55,2,15,5,5,4,5,5,5,5,3,2,1,1,3,4,2,0,1,0,0,0,0,0,0,0,0,0,0,0
56,1,15,5,3,3,3,4,4,5,2,3,1,1,2,1.5,3,1,1,0,0,0,0,0,0,0,0,0,0,0
57,0,15,5,5,4,4,4,4,3,3,2,2,2,2,1.5,5,0,1,0,0,0,0,0,0,0,0,0,0,0
58,1,20,5,5,3,5,5,5,4,3,5,5,5,2,1.5,4,0,1,1,0,0,1,0,0,0,0,0,0,1
59,1,15,5,5,4,5,5,5,5,3,4,3,2,2,3,4,0,0,1,0,0,0,0,0,0,0,0,0,0
60,3,20,5,5,5,5,5,5,5,2,1,3,5,1,1.5,2,0,0,0,0,1,0,0,0,0,0,0,0,0
61,2,30,4,5,3,4,4,5,2,3,3,4,4,2,1,4,0,1,1,0,0,0,0,0,0,0,0,0,1
62,0,20,5,5,4,5,5,5,4,3,5,3,3,2,1.5,3,0,1,0,0,0,0,0,0,0,0,0,0,0
63,2,20,5,3,4,5,5,5,4,1,4,4,4,2,1.5,4,1,1,1,0,0,0,0,0,0,0,0,0,1
64,0,20,5,5,5,5,5,5,3,3,4,2,2,6,2,4,1,0,1,0,0,0,0,0,0,0,0,0,0
65,0,20,5,5,4,4,5,2,3,3,5,3,4,2,1.5,1,0,1,0,0,0,0,0,0,0,0,0,0,0
66,0,15,5,5,5,5,5,5,3,2,3,2,1,2,1.5,6,1,1,0,0,0,1,0,0,1,0,0,0,1
67,1,20,5,5,5,5,5,5,4,2,4,4,4,2,1.5,3,1,1,1,0,0,0,0,0,0,0,0,0,1
68,1,30,4,4,4,4,4,4,3,2,5,4,4,3,2,1,1,1,1,0,0,0,0,0,0,0,0,0,1
69,0,30,5,5,5,5,5,5,4,2,5,2,2,3,4,2,0,1,0,0,0,0,0,0,0,0,0,0,0
70,0,30,5,5,4,4,5,5,5,2,3,1,1,4,2,3,1,1,0,0,0,1,0,0,0,0,0,0,1
71,0,15,5,5,5,4,5,5,4,3,4,3,3,2,4,2,0,1,1,0,0,0,0,0,0,0,0,0,1
72,1,20,5,5,3,4,5,5,4,2,4,3,1,3,4,3,1,1,0,1,0,1,0,0,0,0,0,0,1
73,0,20,4,4,3,5,4,4,3,3,3,2,2,1,1.5,3,1,1,0,0,0,0,0,0,0,0,0,0,0
74,2,15,5,4,2,2,5,5,4,2,4,1,3,2,1.5,2,1,1,1,0,0,0,0,0,0,0,0,0,0
75,1,20,5,5,5,5,5,5,4,1,4,4,4,2,3,6,1,1,0,0,0,0,0,0,0,0,0,0,0
76,1,30,5,4,3,3,3,3,4,2,4,1,1,2,1.5,4,1,1,1,0,0,0,0,0,0,0,0,0,0
77,1,20,5,4,2,4,5,4,4,4,5,2,4,3,4,1,1,0,1,0,0,1,0,0,0,0,1,0,0
78,0,15,5,5,4,5,5,5,2,3,4,4,5,7,3,4,1,1,0,0,0,0,0,0,0,0,1,0,1
79,1,40,5,4,2,4,5,5,2,2,5,4,4,2,2,3,1,1,0,1,0,0,0,0,0,0,0,0,1
80,1,40,5,4,2,4,5,5,2,2,5,4,4,2,2,3,1,1,0,1,0,0,0,0,0,0,0,0,1
81,2,15,5,4,3,3,4,4,3,2,3,1,3,3,1.5,1,0,1,0,0,0,0,0,0,0,0,0,0,0
82,0,30,5,5,2,4,5,5,5,2,4,4,1,2,1,1,0,1,0,1,1,0,0,0,0,0,0,0,1
83,0,40,5,4,4,4,4,3,4,3,2,1,1,2,2,4,1,1,1,0,0,0,0,1,0,0,0,0,1
84,1,30,4,4,5,4,4,3,5,1,4,3,4,2,1.5,4,0,1,1,0,0,1,0,0,0,0,0,0,1
85,3,15,5,4,3,4,4,4,4,3,3,2,2,3,3,3,1,1,1,1,0,0,0,0,0,0,0,0,1
86,0,20,4,5,3,4,5,5,2,1,5,3,3,2,1.5,1,1,1,0,0,0,0,0,0,0,0,0,0,0
87,1,30,5,5,4,4,5,4,2,3,3,2,2,2,1.5,4,0,1,0,0,0,1,0,1,1,0,1,0,1
88,2,20,5,5,5,5,5,5,4,3,4,5,4,3,1.5,2,1,1,1,1,0,1,0,0,0,0,0,0,1
89,1,20,5,5,5,5,5,5,5,2,4,4,3,2,1.5,6,0,1,0,0,0,0,0,0,0,0,0,0,1
90,0,15,5,5,4,4,4,5,2,4,4,3,2,2,2,4,1,1,0,0,0,0,0,0,0,0,0,0,0
91,1,30,5,5,5,5,5,5,4,2,5,5,5,1,1.5,6,1,1,0,0,0,0,0,0,0,0,0,0,0
92,0,20,5,5,4,5,4,5,5,3,4,2,2,2,1.5,5,0,0,1,0,0,0,0,0,0,0,0,0,0
93,1,20,5,4,2,4,5,5,5,3,4,3,4,4,3,5,1,0,1,0,0,0,0,0,0,0,0,0,0
94,1,15,5,4,4,3,4,5,2,3,5,4,5,2,1.5,4,0,1,1,0,0,0,0,0,0,0,1,1,1
95,0,15,5,4,4,4,5,5,5,3,3,1,3,1,1.5,2,0,1,0,0,1,0,0,0,0,0,0,1,1
96,1,20,5,5,4,4,5,5,5,3,3,1,2,2,1.5,4,0,1,1,1,1,0,0,0,0,0,0,0,1
97,1,30,5,5,4,5,4,5,5,3,4,5,5,4,2,5,0,0,1,0,0,0,0,0,0,0,0,0,1
98,0,20,5,5,5,5,5,5,3,5,4,1,3,8,1,2,1,0,0,0,0,0,0,0,0,0,1,0,0
99,1,20,5,5,5,5,5,4,4,4,4,3,3,3,2,3,1,0,0,0,0,0,0,1,0,0,0,0,0
100,0,20,5,4,4,4,5,5,4,4,4,3,4,2,2,4,1,1,0,0,0,0,0,0,0,0,0,0,0
101,0,20,5,5,1,4,4,4,4,4,4,2,2,2,1.5,3,1,0,1,0,0,0,0,0,0,0,1,1,1
102,2,40,5,5,5,5,5,5,5,3,4,4,4,4,1.5,3,1,0,1,0,1,0,0,0,0,0,0,0,0
103,1,30,5,4,2,4,3,4,2,2,4,4,2,2,1.5,4,0,1,1,0,0,1,0,0,0,0,0,0,1
104,0,15,5,2,4,3,5,5,2,2,4,2,2,2,2,1,1,1,0,0,0,0,0,0,0,0,0,0,0
105,0,15,4,4,3,5,5,4,5,3,3,3,3,3,3,3,1,1,1,0,0,0,0,0,0,0,1,1,0
106,1,15,4,4,4,4,4,4,2,4,4,4,4,4,2,1,1,0,0,0,0,0,0,0,0,0,0,0,1
107,0,30,5,5,2,5,5,2,3,1,3,1,1,2,1.5,4,1,0,1,0,0,0,0,0,0,0,0,0,0
108,0,15,5,5,5,5,5,5,5,3,3,2,4,1,0,4,0,1,0,0,0,1,0,0,0,0,0,0,0
109,1,20,5,5,4,4,4,4,2,3,5,5,1,2,2,1,1,1,1,0,0,1,0,1,0,0,1,0,1
110,0,30,5,5,5,5,5,5,4,4,5,1,1,4,3,3,1,0,1,0,0,0,0,0,0,0,0,0,0
111,1,20,5,4,4,3,5,3,5,3,4,4,1,1,0,4,0,0,0,0,0,1,0,0,0,0,0,0,1
112,2,20,5,5,4,4,5,4,4,3,4,4,4,2,2,3,1,1,0,0,0,0,0,0,0,0,0,0,0
113,0,30,4,5,3,4,4,4,3,3,3,2,2,3,4,3,1,1,1,1,1,0,1,1,0,0,0,0,0
114,1,15,5,5,3,4,5,5,4,2,3,3,3,3,1.5,2,1,1,0,0,0,0,0,0,0,0,0,0,0
115,0,20,5,3,3,5,5,5,5,2,4,2,1,3,2,5,1,1,0,0,0,0,0,0,0,0,0,0,0
116,2,20,5,5,4,5,5,4,4,3,5,3,5,2,1.5,1,0,1,0,0,0,0,0,0,0,0,0,0,0
117,1,20,5,5,4,5,5,5,4,2,4,2,1,4,3,3,1,0,1,0,0,0,1,0,0,0,0,0,1
118,0,15,5,5,4,4,5,4,4,4,5,3,2,2,1.5,2,0,1,0,0,0,0,0,0,1,0,0,1,0
119,1,15,5,5,4,5,5,4,4,2,2,4,3,4,1.5,1,0,1,0,0,0,0,0,0,0,0,0,0,0
120,0,15,5,5,4,4,4,4,1,5,4,3,3,2,1.5,6,0,1,1,0,0,0,0,0,0,0,0,0,0
121,1,20,5,4,4,4,5,5,4,1,3,5,5,3,4,4,1,1,0,0,0,0,0,0,0,0,0,0,1
122,1,20,5,5,5,5,5,5,3,2,5,2,2,2,1.5,3,0,1,1,1,1,1,0,0,0,0,0,0,0
123,0,20,5,5,4,4,5,3,3,2,3,1,1,2,1.5,3,1,1,0,0,0,0,1,1,0,0,0,0,0
124,0,15,4,5,4,4,5,5,4,4,3,2,1,6,3,3,1,0,0,0,1,0,0,0,0,0,0,0,0
125,0,15,1,1,1,1,1,1,5,2,2,1,1,2,1.5,4,0,0,0,0,1,0,0,0,1,0,0,1,1
126,0,20,4,3,5,3,5,4,2,4,4,1,1,1,1.5,4,0,0,0,0,1,1,0,0,0,0,0,0,1
127,2,15,5,4,3,3,4,4,3,1,3,3,3,2,1.5,2,0,1,1,0,0,0,0,0,0,0,0,0,0
128,1,20,5,5,3,3,5,5,1,1,2,5,2,2,1.5,3,0,1,1,0,0,1,0,0,0,0,0,0,1
129,0,20,5,4,5,3,5,5,5,1,1,1,1,4,2,4,0,0,0,0,0,0,1,1,0,0,0,0,0
130,0,15,5,5,2,4,5,4,3,2,1,1,1,2,1.5,2,1,1,0,0,0,1,0,0,0,0,0,0,0
131,1,30,5,5,4,5,4,4,4,3,4,4,4,2,1,6,0,1,1,1,0,1,0,0,0,0,0,0,0
132,1,30,5,5,4,4,5,5,3,2,3,4,4,1,1.5,5,0,1,0,1,1,0,0,0,0,0,1,1,1
133,0,20,5,5,4,5,4,4,5,1,3,1,1,2,3,4,1,1,0,0,0,0,0,0,0,0,0,0,0
134,1,20,5,5,4,5,5,5,2,3,4,2,1,2,1.5,3,1,1,0,0,0,0,0,0,0,0,0,0,0
135,0,20,2,2,2,2,2,2,5,2,2,1,2,6,3,3,1,1,0,0,1,0,0,0,0,0,0,0,0
136,0,20,4,3,5,3,4,3,5,4,4,2,2,2,1,2,0,0,1,0,0,0,0,0,1,0,0,0,1
137,0,20,5,5,4,4,5,5,4,3,3,3,3,2,1,4,0,1,1,0,0,1,0,1,1,0,0,0,0
138,1,15,4,5,5,5,5,5,2,3,3,4,2,3,3,4,0,1,0,0,0,0,0,0,0,0,0,0,1
139,1,30,5,5,5,5,5,5,1,3,5,3,5,3,2,5,1,1,1,0,0,0,0,0,0,0,0,0,0
140,1,15,5,5,5,4,4,4,2,3,4,2,2,1,1.5,1,0,1,0,0,0,0,0,0,0,0,0,0,1
141,3,30,4,4,4,5,5,5,5,3,5,5,5,2,1.5,1,0,1,1,0,0,1,1,1,0,0,0,0,0
142,0,15,5,5,2,4,5,4,2,3,2,1,1,2,1.5,4,1,0,0,0,1,0,0,0,0,0,0,0,0
143,1,20,5,4,3,5,4,4,3,2,3,4,4,2,1.5,3,0,1,1,0,0,0,0,0,0,0,0,0,1
144,0,30,5,5,3,3,5,4,4,3,3,1,1,2,1.5,4,0,0,1,0,1,0,1,0,0,0,0,0,1
145,1,20,5,5,4,5,5,5,4,2,5,5,5,2,1.5,2,0,1,0,0,0,1,0,0,1,0,0,0,0
146,1,15,4,4,2,4,5,5,3,4,4,4,3,5,1.5,2,1,1,0,0,0,0,0,0,0,0,0,0,0
147,2,20,5,5,3,4,5,5,5,2,4,3,3,1,1,3,1,1,0,0,0,0,0,0,0,0,0,0,0
148,1,20,4,5,4,4,3,4,3,3,4,2,2,1,1.5,1,0,1,1,0,0,0,0,0,0,0,0,0,0
149,1,20,4,5,4,5,5,5,2,3,4,4,2,2,1.5,1,0,1,1,0,0,1,0,0,0,0,0,0,0
150,0,20,5,5,5,5,5,5,2,3,4,2,1,1,1,1,1,0,0,0,0,0,0,0,0,1,0,0,0
151,0,15,5,5,4,5,5,5,3,3,3,3,3,2,1,1,0,1,0,0,0,0,0,0,0,0,0,0,0
152,0,15,4,5,4,4,5,5,2,3,2,2,2,2,2,1,1,1,0,0,0,0,0,0,0,0,0,0,0
153,0,15,5,5,1,4,4,2,3,5,3,2,1,2,1.5,1,0,1,0,0,0,0,0,0,0,0,0,0,0
154,1,20,5,5,2,5,5,4,4,3,4,4,4,2,2,4,0,1,0,0,0,0,0,0,0,0,0,0,1
155,0,15,5,4,3,5,4,4,5,3,2,1,1,2,1.5,3,1,1,0,0,0,0,0,0,0,0,0,0,0
156,0,20,5,5,4,4,5,5,4,3,4,3,3,2,2,5,1,0,1,0,0,1,1,1,0,0,1,0,0
157,0,20,3,5,4,5,4,5,2,4,4,4,2,1,1.5,1,0,1,0,0,0,0,0,0,0,0,0,0,0
158,0,15,2,2,2,2,2,2,5,2,4,1,1,1,1,1,0,0,0,0,1,0,0,0,0,0,0,0,0
159,1,20,5,5,4,5,5,5,5,2,3,4,4,1,1.5,3,0,1,1,0,0,0,0,0,0,0,0,0,1
160,1,20,5,5,5,5,5,5,4,2,5,1,1,2,2,1,1,0,0,0,1,0,0,0,0,0,0,0,0
161,1,15,5,5,5,5,5,5,5,2,4,3,4,3,3,5,1,1,1,0,0,0,0,0,0,0,1,1,1
162,0,20,5,5,5,5,5,5,4,1,5,5,4,3,1.5,1,0,1,0,0,0,0,0,0,0,0,0,0,0
163,0,20,5,5,4,5,5,4,5,3,3,4,2,2,2,5,0,0,1,0,0,0,0,0,0,0,0,0,0
164,3,15,5,3,4,4,5,3,2,3,3,2,1,2,1.5,6,0,1,0,0,0,0,0,0,0,0,1,0,1
165,0,20,4,5,3,3,5,4,4,4,3,3,3,1,1.5,3,1,1,0,0,0,0,0,0,0,0,0,0,1
166,0,20,5,5,5,5,5,5,4,3,1,1,1,4,2,4,0,1,0,0,0,0,0,0,0,0,0,0,0
167,0,20,5,5,2,4,4,4,4,3,3,2,2,2,1.5,4,0,0,0,0,0,0,0,0,0,1,0,0,0
168,0,30,5,5,3,4,5,5,4,4,4,4,4,4,2,6,1,0,0,1,0,0,0,0,0,0,0,0,0
169,1,20,5,5,4,4,5,5,3,2,3,4,4,2,1.5,2,1,1,0,0,0,0,0,0,0,0,0,0,0
170,0,20,5,5,4,4,5,4,5,3,2,2,2,2,1.5,1,0,1,0,0,0,0,0,0,0,0,0,0,1
171,0,20,5,5,4,4,4,4,5,3,3,3,3,2,1.5,3,0,1,0,0,0,0,0,0,0,0,0,0,0
172,0,30,5,4,2,5,5,4,5,3,2,1,1,2,2,2,0,1,0,0,0,0,0,0,0,0,0,0,0
173,1,20,5,5,5,4,4,5,5,3,4,2,2,7,4,6,0,1,0,0,0,0,0,0,0,0,0,0,0
174,0,20,5,5,5,5,5,5,5,3,4,1,1,5,3,5,1,1,0,0,0,0,0,0,0,0,0,0,0
175,0,20,5,5,4,5,4,5,4,3,4,1,1,2,1.5,2,0,1,1,1,0,0,1,1,1,0,0,0,0
176,0,15,2,2,2,2,2,2,4,2,2,1,1,2,2,4,0,1,0,0,0,0,0,0,0,0,0,0,0
177,1,30,5,5,5,5,5,5,2,3,4,4,3,2,1.5,3,0,1,0,0,0,0,0,0,0,0,0,0,0
178,0,20,5,5,5,4,5,5,4,3,4,3,3,2,1.5,3,1,1,1,0,0,0,0,0,0,0,0,0,1
179,3,15,5,4,4,5,5,4,3,3,5,3,4,2,1.5,5,1,1,0,0,0,0,0,0,0,0,0,0,0
180,1,20,5,5,5,5,5,5,5,3,3,3,2,2,1.5,4,0,1,0,0,0,0,0,0,1,0,0,0,1
181,0,20,5,5,5,5,5,5,4,3,3,3,3,2,1.5,2,1,1,0,0,1,1,1,1,1,0,1,0,1
182,0,15,5,5,5,5,5,5,5,3,3,1,1,2,1.5,3,1,1,0,0,0,0,0,0,0,0,0,0,1
183,0,15,5,5,4,5,5,4,4,2,4,2,1,3,4,4,1,0,0,0,1,0,0,0,0,0,0,0,0
184,1,15,5,5,4,5,4,5,2,4,3,3,3,4,2,4,1,0,0,0,0,0,0,0,0,0,0,0,1
185,1,20,4,5,3,4,4,5,3,4,2,4,3,2,1.5,6,0,0,0,0,0,0,0,0,0,0,1,1,1
186,0,20,5,4,4,2,5,4,5,3,4,4,4,2,1.5,4,1,1,0,0,0,0,0,0,0,0,0,0,0
187,0,20,5,5,3,5,4,4,2,3,3,1,4,2,1.5,6,1,1,1,0,0,0,0,0,0,0,0,0,1
188,1,20,5,5,5,4,5,4,5,4,3,4,4,2,2,4,0,1,0,0,0,0,0,0,0,0,0,0,0
189,1,20,5,5,5,5,4,5,5,3,4,1,4,2,1,1,0,1,0,0,0,0,0,0,0,0,1,0,1
190,1,20,5,5,5,5,5,5,5,5,5,4,2,2,2,6,0,1,1,1,1,1,1,1,1,0,0,0,1
191,0,20,4,3,4,5,5,5,3,3,4,1,2,2,1.5,3,1,0,0,0,0,1,1,1,1,0,0,0,0
192,0,15,5,4,3,5,5,4,2,3,3,1,2,2,1.5,5,0,1,0,0,0,0,0,0,0,0,0,0,0
193,1,30,5,5,4,4,5,5,2,4,3,3,5,2,1.5,4,1,0,0,0,0,0,0,0,0,0,0,0,1
194,0,15,4,5,4,4,5,5,4,3,3,1,1,2,1.5,1,0,1,0,0,0,0,0,0,0,0,0,0,0
195,0,30,5,5,4,4,4,5,5,2,3,1,1,4,1.5,4,0,1,0,0,0,0,0,0,0,0,0,0,0
196,0,30,4,3,3,3,4,4,5,4,4,1,1,2,1.5,6,1,1,0,0,0,0,0,0,0,0,0,0,0
197,0,20,4,5,2,4,4,5,5,1,1,1,3,2,1.5,3,1,1,0,0,0,0,0,0,0,0,0,0,0
198,2,20,5,5,2,5,4,4,4,3,3,2,4,1,1.5,6,0,1,1,0,0,0,0,0,0,0,0,0,1
199,0,20,4,4,2,2,3,4,1,3,2,2,2,4,5,4,0,1,0,0,0,0,0,0,1,0,0,0,0
200,1,15,5,5,5,5,5,5,5,4,5,3,3,2,2,5,1,1,1,1,1,1,1,1,1,0,1,1,1
201,0,30,5,5,4,4,4,4,5,3,3,2,4,2,1.5,6,1,1,0,0,0,0,0,1,0,0,0,0,1
202,0,15,5,5,4,4,4,5,4,5,4,2,2,2,1.5,1,0,0,0,0,0,0,0,1,0,0,1,1,0
203,1,20,5,5,2,4,5,4,5,4,2,4,4,2,1.5,5,0,1,0,1,0,0,0,0,0,0,0,0,0
204,0,20,5,5,5,4,5,5,5,4,2,1,1,7,5,4,1,0,0,0,0,0,0,0,0,0,1,0,0
205,1,20,5,5,5,5,5,5,5,2,5,5,5,2,2,4,1,1,0,0,0,0,0,0,0,0,0,0,0
206,0,20,5,4,4,4,4,4,5,2,4,3,1,3,1.5,6,0,1,1,0,0,0,0,0,0,0,0,0,0
207,0,30,5,5,5,5,5,5,4,3,4,2,2,2,1.5,2,1,1,0,0,0,0,0,0,0,0,0,0,1
208,0,20,5,4,3,3,4,5,3,2,4,2,2,4,1.5,3,1,1,0,0,1,1,0,0,1,0,0,0,0
209,0,20,5,5,4,3,5,5,5,3,4,3,3,2,1.5,1,1,1,0,0,0,0,0,0,0,0,0,0,0
210,1,30,5,5,4,4,5,4,4,1,5,3,5,2,1.5,3,0,1,1,0,1,1,0,1,0,0,0,0,1
211,0,20,5,5,5,5,5,5,4,3,4,3,4,2,1.5,3,0,1,1,0,0,1,0,0,0,0,0,0,1
212,2,30,4,5,4,4,5,4,3,2,3,2,5,2,1.5,4,0,0,0,0,0,0,0,1,0,0,0,0,1
213,0,15,5,5,4,4,4,4,4,4,3,1,3,1,1.5,4,1,1,0,0,1,0,0,0,0,0,0,0,1
214,0,15,3,3,3,3,4,3,5,3,3,3,3,5,3,2,1,0,0,0,0,0,0,1,0,0,0,0,0
215,0,15,5,5,5,5,5,5,2,2,4,4,1,2,1.5,1,0,1,0,0,1,0,0,0,0,0,1,0,1
216,0,20,5,5,5,5,5,5,5,2,4,2,2,3,1.5,3,1,1,1,0,0,0,0,0,0,0,1,0,0
217,1,30,5,4,4,5,4,5,3,3,4,2,1,3,3,4,1,1,0,0,0,0,0,0,0,1,0,0,0
218,1,15,5,5,3,5,5,3,4,3,3,1,1,5,2,2,1,1,0,0,0,0,0,0,0,0,0,0,0
219,0,20,5,5,4,5,5,4,4,2,3,1,1,4,2,5,1,1,1,1,0,0,0,0,0,0,0,0,0
220,0,20,5,5,5,5,5,5,1,3,1,4,4,4,2,4,1,0,1,0,0,0,0,0,0,0,0,0,0
221,1,20,5,5,4,5,4,5,4,3,3,4,5,8,2,5,0,0,0,0,0,0,0,0,0,0,0,0,1
222,0,15,5,5,3,5,5,5,5,2,3,1,1,3,1.5,4,1,0,0,0,0,0,0,0,0,0,1,0,0
223,4,20,5,5,4,5,4,5,3,3,4,5,5,6,2,4,1,1,0,1,1,0,0,0,1,0,0,0,1
224,0,15,5,5,2,4,5,5,5,2,3,4,3,1,1,3,0,1,0,0,0,0,0,0,0,0,0,0,0
225,0,20,5,5,3,4,5,3,4,2,4,3,2,3,2,4,1,1,0,0,0,0,0,0,0,0,1,0,1
226,3,15,5,5,5,5,5,5,4,4,4,1,1,1,1,2,0,0,0,0,0,0,0,0,0,1,0,0,0
227,1,20,5,5,5,4,5,5,4,3,3,2,1,3,1,2,1,1,0,0,0,0,0,0,0,1,0,0,0
228,3,30,5,5,4,5,4,1,5,3,3,2,2,1,1,1,0,1,0,0,0,0,0,0,0,0,0,0,0
229,4,15,5,5,4,5,1,5,5,3,1,5,3,1,1,1,0,1,0,0,0,0,0,0,0,1,0,0,0
230,1,15,2,5,4,5,5,5,3,3,4,3,4,1,0,1,0,1,0,0,0,0,0,0,0,1,0,0,1
231,4,20,5,4,4,2,5,5,5,2,2,4,4,1,0,2,0,1,0,0,0,0,0,0,0,0,0,0,0
232,0,15,5,5,4,5,5,5,5,4,3,3,3,8,1.5,3,1,0,0,0,1,0,0,0,0,0,0,0,0
233,3,30,5,5,4,5,4,5,2,3,3,4,2,1,1,2,1,0,0,0,0,0,0,0,0,1,0,0,0
234,0,15,5,4,3,2,1,5,2,4,4,4,4,3,5,1,0,0,0,0,0,0,0,1,1,0,0,1,0
235,4,20,5,4,4,4,5,5,5,3,4,3,4,2,1,1,0,0,0,0,1,0,0,0,0,0,0,0,0
236,1,15,5,5,2,4,5,4,3,2,3,1,1,1,1,1,0,0,0,0,0,0,0,0,0,1,0,0,0
237,2,15,4,4,4,2,4,4,4,2,4,4,4,1,0,1,0,1,0,0,0,0,0,0,0,1,0,0,1
238,3,15,4,5,1,5,4,5,3,3,2,2,1,1,0,2,0,1,0,0,0,0,0,0,0,0,0,0,0
239,2,15,5,5,3,3,4,4,3,2,4,4,2,1,0,1,0,1,0,0,0,0,0,0,0,1,0,0,1
240,2,15,5,5,3,3,3,5,1,3,3,2,1,2,1,3,1,1,0,0,1,0,0,0,0,1,0,0,0
241,1,15,5,5,1,4,5,4,2,1,4,4,1,4,1,1,1,1,0,0,0,0,0,0,0,0,0,0,0
242,0,30,5,5,5,5,5,5,3,3,3,3,3,2,1,1,1,0,0,0,0,0,0,0,0,1,0,0,1
243,0,20,4,5,2,5,5,5,1,5,4,4,5,1,0,2,0,1,0,0,1,0,0,0,0,1,1,1,1
244,0,30,4,5,2,5,5,5,5,4,3,1,1,1,1,3,0,0,0,0,1,0,0,0,0,0,0,1,0
245,0,20,5,5,4,5,4,5,5,4,4,1,1,1,1,1,1,1,0,0,0,0,0,0,0,0,0,0,0
246,0,15,5,5,4,4,5,5,5,4,4,1,1,1,1,1,0,1,0,0,0,0,0,0,0,0,0,0,0
247,0,15,5,3,3,4,5,4,2,4,3,1,1,1,1.5,1,0,1,0,0,0,0,0,0,0,0,0,0,0
248,0,15,5,5,5,5,5,5,3,2,4,3,1,1,1,3,0,1,0,0,1,0,0,0,0,1,0,0,0
249,1,15,5,5,5,5,5,5,5,3,5,3,3,1,0,1,0,1,0,0,0,0,0,0,0,0,0,0,0
250,3,30,5,5,5,4,4,4,4,2,3,3,3,2,1,2,1,1,0,0,1,0,0,0,0,1,0,0,1
251,0,15,5,5,1,5,5,5,3,3,3,3,3,1,1,1,0,1,0,0,0,0,0,0,0,0,0,0,1
252,4,15,4,5,3,3,4,4,3,3,4,2,2,1,1,2,0,1,0,0,0,0,0,0,0,1,0,1,1
253,4,15,5,5,2,4,5,4,3,2,1,1,1,1,1,1,0,1,0,0,0,0,0,0,0,1,0,0,0
254,2,20,5,5,4,5,4,5,5,5,4,3,3,1,1,1,0,1,0,0,0,0,0,0,0,1,0,0,1
255,0,20,5,5,4,5,5,5,4,4,4,3,3,1,1,1,0,1,0,0,0,0,0,0,0,0,0,0,0
256,2,15,5,5,5,5,5,5,5,3,3,3,4,1,1,2,0,1,0,0,0,0,0,0,0,1,0,0,0
257,0,20,5,5,5,5,5,5,5,5,1,1,5,1,1,1,1,1,0,0,0,0,0,0,0,0,0,0,0
258,1,15,5,5,3,5,4,5,5,1,5,3,4,1,1,1,1,1,0,0,0,0,0,0,0,0,0,0,0
259,3,50,5,5,4,5,5,5,5,3,4,2,1,1,1,1,0,1,0,0,0,0,0,0,0,0,0,0,0
260,3,50,5,5,4,5,5,5,5,5,4,1,5,1,1,1,0,1,0,0,0,0,0,0,0,0,0,0,0
261,0,20,5,5,5,5,5,5,5,1,3,3,3,8,2,2,0,1,1,0,1,0,0,0,0,0,0,0,1
262,1,30,5,5,4,4,5,5,4,2,4,5,5,3,2,4,1,0,1,1,1,1,0,0,0,0,1,0,1
263,1,20,5,4,4,4,4,5,3,3,4,5,4,2,1.5,3,0,1,1,0,0,0,0,0,0,0,0,0,1
264,0,20,5,5,4,4,4,5,4,2,5,3,2,2,1.5,5,1,1,1,1,0,0,0,0,0,0,0,0,1
265,1,20,5,5,4,4,4,4,4,3,4,3,2,2,1.5,3,1,1,1,0,1,0,0,0,0,0,0,0,1
266,0,15,5,5,4,4,5,4,5,3,3,2,1,4,2,2,1,1,0,0,0,0,0,0,0,0,0,0,0
267,2,20,5,4,1,4,5,5,4,3,5,5,5,2,1.5,6,1,1,1,0,0,1,0,0,0,0,0,0,0
268,0,15,5,5,4,5,5,4,4,3,2,2,4,2,1.5,3,1,1,0,0,0,0,0,0,0,1,0,0,1
269,0,15,5,5,5,5,5,5,5,5,3,3,3,2,2,3,1,0,1,0,1,1,1,1,0,0,0,1,0
270,0,20,5,5,4,4,5,4,4,3,4,1,1,4,4,5,1,1,1,0,0,0,0,1,1,1,1,1,0
271,1,20,5,5,4,4,5,4,4,3,2,2,2,2,1.5,5,1,1,0,0,0,0,0,0,0,0,0,0,0
272,0,30,5,5,4,5,5,4,2,5,2,1,5,1,1.5,5,1,0,1,0,0,0,0,0,0,0,0,0,1
273,0,20,5,5,4,4,5,5,4,2,5,2,3,5,3,2,0,1,0,0,0,1,0,0,0,0,0,0,0
274,0,15,4,5,4,4,4,4,5,2,4,4,4,2,1.5,6,1,1,0,0,0,0,0,0,0,1,0,0,0
275,0,15,5,4,4,5,5,4,4,4,4,3,4,2,1.5,4,0,1,0,0,0,0,0,0,0,0,0,0,0
276,0,15,5,4,4,5,5,4,4,4,4,3,4,2,1.5,4,0,1,0,0,0,0,0,0,0,0,0,0,0
277,1,40,5,3,5,5,5,5,5,2,5,3,5,2,1.5,4,1,1,1,0,0,0,0,0,0,1,0,0,1
278,1,20,5,5,5,5,5,4,4,3,4,1,3,4,1.5,3,1,1,1,0,0,0,0,0,0,0,0,1,0
279,1,30,5,5,4,5,3,2,2,2,5,2,4,2,1.5,6,0,1,1,0,1,0,0,0,0,0,0,0,0
280,1,20,5,5,3,5,5,5,5,2,3,4,2,2,1.5,5,1,0,1,1,0,0,0,0,0,1,0,0,1
281,0,20,5,5,4,4,5,4,4,3,2,3,4,2,1.5,6,0,1,1,1,0,0,0,0,0,1,0,0,1
282,0,30,5,5,4,4,4,4,2,4,4,2,2,7,1,3,1,1,0,0,0,0,0,0,0,0,0,0,0
283,0,40,5,5,5,5,5,5,3,3,4,3,3,7,1,2,1,0,0,1,1,0,0,0,0,0,0,0,0
284,0,40,5,5,1,3,4,4,4,2,1,2,2,5,1,2,1,1,1,0,1,0,0,0,0,1,0,0,1
285,4,40,5,5,4,2,5,5,4,2,3,2,2,2,1,2,1,1,1,1,1,1,0,0,0,1,0,0,1
286,0,15,5,5,3,3,4,4,4,2,3,2,3,2,1,1,1,1,0,0,1,0,0,0,0,1,0,1,1
287,0,20,5,5,5,5,5,5,4,2,3,2,3,1,1.5,3,0,1,0,0,0,0,0,0,0,0,0,0,0
288,0,15,5,5,1,2,4,5,2,2,4,4,3,2,1.5,3,1,1,0,0,0,0,0,0,0,0,0,0,0
289,0,15,5,5,1,2,4,5,2,2,4,4,3,3,1,2,1,1,0,0,0,0,0,0,0,0,0,0,0
290,0,15,5,5,3,4,5,5,5,2,4,1,1,1,1,1,0,1,0,0,0,0,0,0,0,0,0,0,0
291,2,30,5,5,3,3,3,4,5,4,2,2,4,1,1,1,1,0,0,0,1,0,0,0,0,0,0,0,0
292,0,30,5,5,4,4,4,4,4,2,4,2,5,2,4,3,0,1,0,0,0,0,0,0,0,0,0,0,0
293,3,15,5,5,5,5,5,5,4,4,3,2,2,1,1,3,0,1,0,0,0,0,0,0,0,0,0,0,0
294,0,20,5,5,5,5,5,5,2,2,3,1,1,2,1.5,1,1,1,1,0,0,0,0,0,0,0,0,0,1
295,1,15,5,5,4,4,5,4,2,3,2,2,4,1,1,1,0,1,1,0,0,0,0,0,0,1,0,0,1
296,0,20,5,5,5,5,5,5,5,2,3,5,4,1,1.5,2,0,1,0,0,0,0,0,0,0,0,0,0,0
297,3,15,5,5,3,5,5,5,4,4,4,3,3,2,1,3,0,1,0,0,0,0,0,0,0,0,0,0,0
298,0,30,4,5,3,4,3,4,5,4,3,4,3,2,1,1,0,1,0,0,0,0,1,0,0,0,0,1,0
299,0,15,5,5,5,5,5,5,5,3,3,2,2,1,1,1,0,1,0,0,0,0,0,0,0,1,0,0,0
300,0,15,4,5,4,5,5,5,5,3,4,3,3,1,0,2,0,1,0,0,0,0,0,0,0,0,0,0,0
301,0,20,5,5,5,5,5,5,5,3,3,3,3,1,1,4,1,0,0,1,0,0,0,0,0,0,0,0,0
302,3,30,5,5,4,5,5,5,5,5,5,3,1,1,0,2,0,1,0,0,0,0,0,0,0,0,0,0,0
303,1,30,4,5,2,4,5,5,5,5,5,5,1,4,2,2,1,1,0,0,0,0,0,0,0,0,0,1,0
304,0,15,5,5,4,5,5,5,3,3,3,2,1,1,0,1,0,0,0,0,0,0,0,0,0,0,1,0,0
305,3,20,5,5,5,5,5,5,5,1,3,3,3,2,1.5,2,0,1,0,1,1,0,0,0,0,1,0,0,1
306,1,20,5,4,2,4,5,5,5,3,5,1,1,2,1.5,2,1,1,0,0,1,0,0,0,0,1,0,0,1
307,4,15,5,4,2,4,4,4,2,3,4,4,2,1,1,2,0,1,0,1,1,0,0,0,0,1,0,0,1
308,2,15,5,5,1,3,4,4,5,3,2,1,1,1,0,1,0,1,0,0,0,0,0,0,0,0,0,0,0
309,0,15,4,4,4,4,4,4,4,4,3,4,4,1,0,2,0,0,0,0,0,0,0,0,0,1,0,0,1
310,2,20,5,4,4,5,5,5,4,2,3,4,1,1,1,1,0,1,0,0,0,0,0,0,0,0,0,0,0
311,1,30,5,5,3,5,3,5,5,4,4,5,5,2,1.5,2,0,0,1,0,0,0,0,0,0,0,0,0,0
312,2,20,4,5,3,5,4,5,4,1,4,2,2,1,1,2,0,1,0,0,0,0,0,0,0,1,0,0,1
313,1,15,4,5,4,5,4,5,4,3,1,1,1,2,1.5,4,0,0,0,0,0,0,0,0,0,0,1,0,0
314,0,20,4,5,1,4,3,2,3,5,5,1,1,1,1,2,1,1,0,0,0,0,0,0,0,0,0,0,0
315,0,20,5,5,4,4,4,4,5,3,3,3,3,2,1.5,3,0,1,0,0,0,0,0,0,0,1,0,0,1
316,1,30,5,5,4,4,5,3,3,1,3,5,5,2,1.5,1,1,1,0,0,0,0,0,0,0,0,0,0,1
317,1,15,5,5,4,4,3,3,5,1,1,1,1,1,0,3,0,1,0,0,1,0,1,1,0,0,0,0,0
318,2,15,5,5,4,5,4,3,1,2,3,4,5,1,1,1,0,0,0,0,0,0,0,0,0,1,0,0,0
319,0,15,5,4,5,5,5,4,5,1,2,1,1,2,1.5,5,0,1,0,0,0,0,0,0,0,0,0,0,0
320,0,20,5,5,5,5,5,5,4,3,4,1,1,4,3,3,1,1,0,0,0,0,0,0,0,0,0,0,0
321,0,15,5,5,3,4,4,5,5,3,3,1,1,4,3,3,1,1,0,0,0,0,0,0,0,1,0,1,0
322,0,20,5,5,2,4,4,3,4,3,4,4,1,3,2,1,1,1,1,0,0,0,0,0,0,1,0,0,1
323,2,15,5,5,5,5,5,5,3,3,3,3,3,2,1.5,2,1,1,0,0,0,0,0,0,0,1,0,0,1
324,2,15,5,4,2,1,5,5,3,3,3,2,2,1,0,2,1,1,0,0,0,0,0,0,0,0,0,0,0
325,0,15,5,5,3,4,5,4,3,4,2,5,2,1,0,1,0,1,0,0,0,0,0,0,0,0,0,0,0
326,0,30,5,5,5,5,5,5,5,4,4,2,2,1,1,3,0,0,0,1,1,0,0,1,0,0,0,0,0
327,0,15,2,5,1,4,3,5,2,3,3,3,4,1,0,2,0,0,0,0,0,0,0,0,0,0,0,1,0
328,0,20,4,5,4,5,5,5,5,4,4,2,2,1,0,1,1,1,0,0,0,0,0,0,0,0,0,0,0
329,0,20,5,5,5,5,5,5,5,3,3,1,1,1,0,1,0,1,0,0,0,0,0,0,0,0,0,0,0
330,0,15,4,4,3,3,3,4,5,3,4,1,1,3,2,3,1,1,0,0,0,0,0,0,0,0,0,0,0
331,1,30,5,4,5,4,3,5,4,2,4,2,2,4,2,4,1,1,0,0,0,0,0,0,0,0,0,0,0
332,0,20,5,5,5,5,5,5,5,4,4,2,2,6,1.5,1,0,0,0,0,0,0,0,0,0,1,0,0,0
333,0,20,5,5,5,5,5,5,2,4,2,2,2,1,0,2,0,0,0,0,1,0,0,0,0,0,0,0,0
334,0,20,5,5,5,5,5,5,2,4,2,2,2,1,0,2,0,0,0,0,1,0,0,0,0,0,0,0,0
335,0,20,5,5,5,5,5,5,2,4,2,2,2,1,0,2,0,0,0,0,1,0,0,0,0,0,0,0,0
336,0,15,4,5,3,3,4,4,5,1,5,1,1,2,1.5,3,0,0,0,0,1,0,0,0,0,0,0,0,0
337,0,30,4,5,4,4,4,5,3,3,3,3,3,1,1,3,0,1,0,0,0,0,0,0,0,0,0,0,0
338,0,30,5,5,5,5,5,5,5,5,1,1,1,1,1,1,0,1,0,0,0,0,0,0,0,0,0,0,0
339,0,20,5,5,1,4,4,4,2,2,2,1,1,1,1.5,6,0,1,0,0,0,0,0,0,0,1,0,0,0
340,1,20,4,5,2,4,5,3,5,3,3,1,2,1,1,5,0,1,0,0,1,0,0,0,0,0,0,0,0
341,1,30,5,5,5,5,5,5,3,4,2,2,2,1,1.5,3,0,0,0,0,0,0,0,0,0,0,0,0,1
342,0,15,4,5,3,4,4,4,3,4,3,1,1,2,1,1,0,0,0,0,0,0,0,0,0,1,0,0,0
343,0,20,5,5,3,4,4,4,5,3,4,3,3,1,1,1,0,1,0,0,0,0,0,0,0,0,0,0,0
344,0,15,5,5,5,5,5,5,4,3,1,5,5,1,1,1,0,1,0,0,0,0,0,0,0,1,0,0,1
345,1,20,5,4,5,4,3,5,4,1,1,1,5,3,4,6,1,0,1,0,0,0,0,0,0,0,0,0,0
346,1,20,5,4,5,4,3,5,4,1,1,1,5,3,4,6,1,0,1,0,0,0,0,0,0,0,0,0,0
347,1,20,5,4,5,4,3,5,4,1,1,1,5,3,4,6,1,0,1,0,0,0,0,0,0,0,0,0,0
348,1,15,5,5,5,5,5,5,3,3,4,3,3,1,0,2,0,1,0,0,1,1,0,0,0,0,0,0,1
349,2,15,5,5,3,4,4,3,4,4,4,2,2,1,1,1,0,1,0,0,0,0,0,0,0,0,0,0,0
350,0,15,5,5,5,5,5,5,2,2,3,4,1,1,1,1,0,0,0,0,0,0,0,0,0,1,0,0,0
351,0,30,5,5,5,5,5,5,5,2,1,2,1,2,0,1,0,0,0,0,0,0,0,0,0,0,0,0,1
352,3,15,5,5,4,4,4,5,5,1,5,5,5,1,1,1,0,1,0,0,0,0,0,0,0,1,0,1,1
353,1,40,5,5,5,5,5,5,4,2,1,1,3,1,0,1,1,0,0,0,1,0,0,0,0,0,0,1,0
354,0,15,4,5,4,4,4,4,3,3,1,1,1,1,1.5,3,1,1,0,0,0,0,0,0,0,1,0,0,1
355,0,15,5,5,5,5,5,5,1,1,5,5,5,1,1,2,0,0,0,0,0,0,0,0,0,1,0,0,0
356,0,15,5,4,2,1,5,5,1,1,1,1,1,2,1.5,2,1,1,0,0,0,0,0,0,0,0,0,0,0
357,0,15,5,5,5,5,5,5,5,1,1,1,1,2,2,1,1,0,0,0,1,0,0,0,0,0,0,0,0
358,0,20,5,5,5,5,5,5,5,1,1,1,1,1,1,6,0,1,0,0,0,0,0,0,0,0,0,0,0
359,4,30,5,3,3,4,5,5,4,4,4,3,3,2,1.5,6,0,1,0,0,0,0,0,0,0,0,0,0,0
360,1,20,5,5,5,5,5,5,2,4,4,4,4,2,1,2,0,0,0,0,0,0,0,0,0,1,0,0,0
361,0,20,5,5,2,4,5,4,4,3,3,1,3,2,1.5,1,1,1,0,1,1,0,0,0,0,0,0,0,1
362,0,20,4,5,5,5,5,5,5,4,4,3,1,1,1.5,2,1,1,1,0,1,0,0,0,0,0,0,0,1
363,1,20,5,4,5,3,4,4,4,4,4,4,2,2,1.5,5,1,1,0,0,0,0,0,0,0,0,0,0,1
364,0,20,5,5,5,5,5,5,5,2,4,5,5,2,0,1,0,0,0,1,0,0,0,0,0,0,0,0,0
365,0,15,5,5,2,3,5,5,2,4,3,3,3,2,0,1,0,1,0,0,0,0,0,0,0,1,0,0,1
366,0,15,5,5,3,3,5,5,3,3,3,3,3,1,1.5,1,1,0,0,0,1,0,0,0,0,0,0,0,0
367,0,15,5,5,5,5,5,5,5,1,1,1,1,2,0,2,0,1,0,0,0,0,0,0,0,1,0,0,0
368,0,40,5,5,5,5,5,5,4,5,5,1,1,2,1,3,1,0,0,0,0,0,0,1,0,0,0,0,0
369,0,30,5,5,4,5,4,5,4,3,2,3,2,2,1.5,1,1,1,0,1,1,0,0,0,0,1,0,0,1
370,1,30,5,4,4,4,4,5,5,2,4,5,5,2,1.5,5,0,1,1,0,0,0,0,0,0,0,0,0,1
371,0,30,5,5,4,5,4,5,3,2,3,2,3,2,1.5,1,0,1,0,1,1,0,0,0,0,1,0,0,1
372,0,15,5,5,5,5,5,5,5,2,1,3,4,6,1.5,1,1,1,0,0,0,0,0,0,0,1,0,0,1
373,0,15,5,5,5,5,5,5,3,3,3,3,3,1,1,1,1,1,0,0,0,0,0,0,0,1,0,0,1
374,4,15,5,5,5,5,5,5,4,2,2,2,2,2,0,2,0,1,0,0,0,0,0,0,0,1,1,0,0
375,0,40,5,5,5,5,5,5,4,2,2,2,2,1,1.5,2,0,0,1,0,0,0,0,0,0,0,0,0,0
376,2,15,4,5,2,2,4,3,2,2,2,2,2,1,1,1,0,0,0,0,0,0,0,0,0,1,0,0,0
377,2,20,4,5,2,4,4,5,2,2,5,2,2,1,1,1,0,1,0,0,0,0,0,0,0,1,0,0,1
378,0,15,5,5,5,5,5,5,1,3,3,3,3,1,0,1,1,0,0,0,0,0,0,0,0,0,0,1,0
379,2,40,5,5,4,4,5,5,4,3,2,2,2,1,1,3,0,1,0,0,0,0,0,0,0,0,0,0,0
380,0,30,5,5,5,5,5,5,5,1,5,5,5,3,3,5,1,1,0,1,0,0,0,0,0,0,0,0,1
381,0,30,5,5,5,5,5,5,5,1,5,4,1,3,3,4,1,0,1,0,0,0,0,0,0,0,0,0,0
382,0,15,5,5,3,5,5,5,5,3,4,3,3,2,2,3,0,1,1,0,0,0,0,0,0,1,0,0,1
383,1,30,5,5,3,4,4,5,4,2,4,4,3,8,3,5,1,1,0,0,0,0,0,0,0,0,0,0,0
384,1,40,5,3,5,5,4,5,5,1,5,5,5,6,2,6,0,1,0,0,0,0,0,0,0,0,0,0,0
385,1,40,4,4,4,4,5,5,3,3,5,5,4,3,3,4,0,1,0,0,0,0,0,0,1,0,0,0,1
386,1,20,5,5,3,5,5,5,4,3,4,4,4,2,4,3,0,1,0,0,0,0,0,0,0,0,0,0,0
387,1,15,5,4,3,4,5,4,3,4,5,3,1,3,3,2,1,1,0,0,0,0,0,0,0,1,0,0,1
388,0,20,5,4,2,2,4,5,5,3,4,3,4,4,2,6,1,0,1,0,0,0,0,0,0,0,0,0,1
389,1,30,5,5,4,4,5,5,3,3,4,5,5,3,2,5,1,1,1,0,0,0,0,0,0,0,0,0,1
390,1,50,5,5,4,5,5,5,5,1,5,5,4,4,2,5,1,0,1,0,0,0,0,0,0,0,0,0,0
391,1,20,4,5,3,4,5,5,4,2,4,4,3,3,3,4,1,1,1,0,0,0,0,0,0,0,0,0,1
392,2,40,4,5,4,4,5,3,3,2,4,4,4,2,2,2,1,1,0,0,0,0,0,0,0,1,0,0,0
393,2,30,4,4,4,4,5,4,5,3,4,3,3,1,1,1,0,1,0,1,0,0,0,0,0,1,0,0,1
394,1,20,5,5,3,4,4,5,2,1,4,4,3,8,2,4,1,1,0,0,0,0,0,0,0,1,0,0,0
395,2,20,5,5,4,5,5,5,5,2,5,5,5,3,2,1,1,1,1,1,1,0,0,0,1,1,0,0,1
396,1,30,5,5,5,5,4,4,2,1,4,4,5,2,1.5,5,0,1,1,0,0,0,0,1,0,0,0,0,1
397,0,20,5,5,4,5,5,4,4,1,3,2,3,4,1,3,1,0,1,0,0,0,0,0,0,0,0,0,0
398,0,15,5,5,4,4,5,5,3,3,4,3,3,2,1.5,3,1,0,0,0,1,0,0,0,0,0,0,0,0
399,0,30,5,5,2,4,5,5,4,1,5,4,2,2,1.5,3,1,1,0,0,0,0,0,0,0,0,0,0,0
400,1,30,5,5,4,4,5,5,5,3,4,4,4,3,2,3,1,1,1,0,0,0,0,0,0,0,0,0,0
401,0,50,5,5,4,4,5,5,5,3,3,3,1,5,1.5,4,1,0,0,0,1,0,0,0,0,0,0,0,0
402,1,30,5,5,4,5,4,5,5,1,1,2,1,4,2,4,1,1,0,0,0,0,0,0,0,0,0,0,0
403,0,30,5,5,5,5,5,5,5,3,3,3,4,3,2,3,1,1,0,0,0,0,0,0,0,0,0,0,0
404,0,30,5,5,4,3,4,4,5,3,4,5,4,1,1,4,0,1,1,0,0,0,0,0,0,0,0,0,1
405,0,30,5,5,4,5,5,5,2,2,4,3,2,2,2,1,1,1,0,0,0,0,0,0,0,0,0,0,1
406,1,30,5,4,4,4,4,5,5,3,4,5,4,3,1.5,2,1,1,1,1,1,1,1,1,1,1,0,0,1
407,0,15,4,4,5,2,4,4,2,4,4,4,4,1,0,1,0,0,0,0,0,0,0,0,0,1,0,0,0
